{
  "project_info": {
    "project_number": "400542665807",
    "firebase_url": "https://nextword-rework.firebaseio.com",
    "project_id": "nextword-rework",
    "storage_bucket": "nextword-rework.appspot.com"
  },
  "client": [
    {
      "client_info": {
        "mobilesdk_app_id": "1:400542665807:android:acba9d2119113932",
        "android_client_info": {
          "package_name": "com.example.nextword"
        }
      },
      "oauth_client": [
        {
          "client_id": "400542665807-safe0qhmqqdqm5icdkislcfgr30ve9s5.apps.googleusercontent.com",
          "client_type": 1,
          "android_info": {
            "package_name": "com.example.nextword",
            "certificate_hash": "f06f15b575a3c5eafec3d1e209004051324505cc"
          }
        }
      ],
      "api_key": [
        {
          "current_key": "AIzaSyAtnx200gUHo3Z5hfiyIUJzq9EQmw50EsA"
        }
      ],
      "services": {
        "appinvite_service": {
          "other_platform_oauth_client": [
            {
              "client_id": "400542665807-u9e1pbg7dh4dpfj0qo9ltkq8n5evf3bt.apps.googleusercontent.com",
              "client_type": 3
            }
          ]
        }
      }
    }
  ],
  "configuration_version": "1"
}