{
  "project_info": {
    "project_number": "1232736395",
    "firebase_url": "https://nextword-c6f03.firebaseio.com",
    "project_id": "nextword-c6f03",
    "storage_bucket": "nextword-c6f03.appspot.com"
  },
  "client": [
    {
      "client_info": {
        "mobilesdk_app_id": "1:1232736395:android:9d19a9faf565ab5d",
        "android_client_info": {
          "package_name": "com.example.portillo.nextword"
        }
      },
      "oauth_client": [
        {
          "client_id": "1232736395-pvnhugkpg7mlkuo1f9ghpndigelgmu66.apps.googleusercontent.com",
          "client_type": 3
        }
      ],
      "api_key": [
        {
          "current_key": "AIzaSyAy6pQWjZjQE5Zap5AWISNoEkML-q0PQsU"
        }
      ],
      "services": {
        "analytics_service": {
          "status": 1
        },
        "appinvite_service": {
          "status": 1,
          "other_platform_oauth_client": []
        },
        "ads_service": {
          "status": 2
        }
      }
    }
  ],
  "configuration_version": "1"
}